Clave Cuadrilla,Descripción Cuadrilla,Sección,Descripción,Unidad,Cantidad
00-M0001,Cuadrilla 01 (Ayudante),MANO DE OBRA,Ayudante oficial,jor,1.000000
00-M0001,Cuadrilla 01 (Ayudante),MANO DE OBRA,Cabo de ayudantes,jor,0.050000
00-M0001,Cuadrilla 01 (Ayudante),EQUIPO Y HERRAMIENTA,Herramienta de mano,%mo,0.030000
00-M0001,Cuadrilla 01 (Ayudante),EQUIPO Y HERRAMIENTA,Equipo de seguridad,%mo,0.020000
00-M0002,Cuadrilla 02 (Oficial albañil + ayudante),MANO DE OBRA,Oficial albañil,jor,1.000000
00-M0002,Cuadrilla 02 (Oficial albañil + ayudante),MANO DE OBRA,Ayudante oficial,jor,1.000000
00-M0002,Cuadrilla 02 (Oficial albañil + ayudante),MANO DE OBRA,Cabo de oficios,jor,0.100000
00-M0002,Cuadrilla 02 (Oficial albañil + ayudante),EQUIPO Y HERRAMIENTA,Herramienta de mano,%mo,0.030000
00-M0002,Cuadrilla 02 (Oficial albañil + ayudante),EQUIPO Y HERRAMIENTA,Equipo de seguridad,%mo,0.020000
00-M0003,Cuadrilla 03 (Oficial electricista + ayudante de instalación),MANO DE OBRA,Oficial electricista,jor,1.000000
00-M0003,Cuadrilla 03 (Oficial electricista + ayudante de instalación),MANO DE OBRA,Ayudante de instalación,jor,1.000000
00-M0003,Cuadrilla 03 (Oficial electricista + ayudante de instalación),MANO DE OBRA,Cabo de oficios,jor,0.100000
00-M0003,Cuadrilla 03 (Oficial electricista + ayudante de instalación),EQUIPO Y HERRAMIENTA,Herramienta de mano,%mo,0.030000
00-M0003,Cuadrilla 03 (Oficial electricista + ayudante de instalación),EQUIPO Y HERRAMIENTA,Equipo de seguridad,%mo,0.020000
00-M0004,Cuadrilla 04 (Oficial plomero + ayudante de instalación),MANO DE OBRA,Oficial plomero,jor,1.000000
00-M0004,Cuadrilla 04 (Oficial plomero + ayudante de instalación),MANO DE OBRA,Ayudante de instalación,jor,1.000000
00-M0004,Cuadrilla 04 (Oficial plomero + ayudante de instalación),MANO DE OBRA,Cabo de oficios,jor,0.100000
00-M0004,Cuadrilla 04 (Oficial plomero + ayudante de instalación),EQUIPO Y HERRAMIENTA,Herramienta de mano,%mo,0.030000
00-M0004,Cuadrilla 04 (Oficial plomero + ayudante de instalación),EQUIPO Y HERRAMIENTA,Equipo de seguridad,%mo,0.020000
00-M0005,Cuadrilla 05 (Oficial albañil + 2 ayudantes),MANO DE OBRA,Oficial albañil,jor,1.000000
00-M0005,Cuadrilla 05 (Oficial albañil + 2 ayudantes),MANO DE OBRA,Ayudante oficial,jor,2.000000
00-M0005,Cuadrilla 05 (Oficial albañil + 2 ayudantes),MANO DE OBRA,Cabo de oficios,jor,0.150000
00-M0005,Cuadrilla 05 (Oficial albañil + 2 ayudantes),EQUIPO Y HERRAMIENTA,Herramienta de mano,%mo,0.030000
00-M0005,Cuadrilla 05 (Oficial albañil + 2 ayudantes),EQUIPO Y HERRAMIENTA,Equipo de seguridad,%mo,0.020000
00-M0006,Cuadrilla 06 (Oficial carpintero de obra negra + ayudante),MANO DE OBRA,Carpintero de obra negra,jor,1.000000
00-M0006,Cuadrilla 06 (Oficial carpintero de obra negra + ayudante),MANO DE OBRA,Ayudante oficial,jor,1.000000
00-M0006,Cuadrilla 06 (Oficial carpintero de obra negra + ayudante),MANO DE OBRA,Cabo de oficios,jor,0.100000
00-M0006,Cuadrilla 06 (Oficial carpintero de obra negra + ayudante),EQUIPO Y HERRAMIENTA,Equipo de seguridad,%mo,0.020000
00-M0006,Cuadrilla 06 (Oficial carpintero de obra negra + ayudante),EQUIPO Y HERRAMIENTA,Herramienta de mano,%mo,0.030000
00-M0007,Cuadrilla 07 (Oficial fierrero + ayudante),MANO DE OBRA,Oficial fierrero,jor,1.000000
00-M0007,Cuadrilla 07 (Oficial fierrero + ayudante),MANO DE OBRA,Ayudante oficial,jor,1.000000
00-M0007,Cuadrilla 07 (Oficial fierrero + ayudante),MANO DE OBRA,Cabo de oficios,jor,0.100000
00-M0007,Cuadrilla 07 (Oficial fierrero + ayudante),EQUIPO Y HERRAMIENTA,Equipo de seguridad,%mo,0.020000
00-M0007,Cuadrilla 07 (Oficial fierrero + ayudante),EQUIPO Y HERRAMIENTA,Herramienta de mano,%mo,0.030000
00-M0008,Cuadrilla 08 (Oficial herrero en campo + ayudante),MANO DE OBRA,Herrero de campo,jor,1.000000
00-M0008,Cuadrilla 08 (Oficial herrero en campo + ayudante),MANO DE OBRA,Ayudante oficial,jor,1.000000
00-M0008,Cuadrilla 08 (Oficial herrero en campo + ayudante),MANO DE OBRA,Cabo de oficios,jor,0.100000
00-M0008,Cuadrilla 08 (Oficial herrero en campo + ayudante),EQUIPO Y HERRAMIENTA,Equipo de seguridad,%mo,0.020000
00-M0008,Cuadrilla 08 (Oficial herrero en campo + ayudante),EQUIPO Y HERRAMIENTA,Herramienta de mano,%mo,0.030000
00-M0010,Cuadrilla 10 (Oficial azulejero + ayudante),MANO DE OBRA,Oficial azulejero,jor,1.000000
00-M0010,Cuadrilla 10 (Oficial azulejero + ayudante),MANO DE OBRA,Ayudante oficial,jor,1.000000
00-M0010,Cuadrilla 10 (Oficial azulejero + ayudante),MANO DE OBRA,Cabo de oficios,jor,0.100000
00-M0010,Cuadrilla 10 (Oficial azulejero + ayudante),EQUIPO Y HERRAMIENTA,Herramienta de mano,%mo,0.030000
00-M0010,Cuadrilla 10 (Oficial azulejero + ayudante),EQUIPO Y HERRAMIENTA,Equipo de seguridad,%mo,0.020000
00-M0012,Cuadrilla 12 (Oficial yesero + ayudante),MANO DE OBRA,Oficial yesero,jor,1.000000
00-M0012,Cuadrilla 12 (Oficial yesero + ayudante),MANO DE OBRA,Ayudante oficial,jor,1.000000
00-M0012,Cuadrilla 12 (Oficial yesero + ayudante),MANO DE OBRA,Cabo de oficios,jor,0.100000
00-M0012,Cuadrilla 12 (Oficial yesero + ayudante),EQUIPO Y HERRAMIENTA,Herramienta de mano,%mo,0.030000
00-M0012,Cuadrilla 12 (Oficial yesero + ayudante),EQUIPO Y HERRAMIENTA,Equipo de seguridad,%mo,0.020000
00-M0013,Cuadrilla 13 (Oficial carpintero de banco + ayudante),MANO DE OBRA,Carpintero de banco,jor,1.000000
00-M0013,Cuadrilla 13 (Oficial carpintero de banco + ayudante),MANO DE OBRA,Ayudante oficial,jor,1.000000
00-M0013,Cuadrilla 13 (Oficial carpintero de banco + ayudante),MANO DE OBRA,Cabo de oficios,jor,0.100000
00-M0013,Cuadrilla 13 (Oficial carpintero de banco + ayudante),EQUIPO Y HERRAMIENTA,Herramienta de mano,%mo,0.030000
00-M0013,Cuadrilla 13 (Oficial carpintero de banco + ayudante),EQUIPO Y HERRAMIENTA,Equipo de seguridad,%mo,0.020000
00-M0014,Cuadrilla 14 (Oficial pintor + ayudante),MANO DE OBRA,Oficial pintor,jor,1.000000
00-M0014,Cuadrilla 14 (Oficial pintor + ayudante),MANO DE OBRA,Ayudante oficial,jor,1.000000
00-M0014,Cuadrilla 14 (Oficial pintor + ayudante),MANO DE OBRA,Cabo de oficios,jor,0.100000
00-M0014,Cuadrilla 14 (Oficial pintor + ayudante),EQUIPO Y HERRAMIENTA,Equipo de seguridad,%mo,0.020000
00-M0014,Cuadrilla 14 (Oficial pintor + ayudante),EQUIPO Y HERRAMIENTA,Herramienta de mano,%mo,0.030000
00-M0016,Cuadrilla 16 (Tubero + ayudante de instalación),MANO DE OBRA,Tubero,jor,1.000000
00-M0016,Cuadrilla 16 (Tubero + ayudante de instalación),MANO DE OBRA,Ayudante de instalación,jor,1.000000
00-M0016,Cuadrilla 16 (Tubero + ayudante de instalación),MANO DE OBRA,Cabo de oficios,jor,0.100000
00-M0016,Cuadrilla 16 (Tubero + ayudante de instalación),EQUIPO Y HERRAMIENTA,Herramienta de mano,%mo,0.030000
00-M0016,Cuadrilla 16 (Tubero + ayudante de instalación),EQUIPO Y HERRAMIENTA,Equipo de seguridad,%mo,0.020000
00-M0017,Cuadrilla 17 (Operador de equipo ligero),MANO DE OBRA,Operador de equipo ligero,jor,1.000000
00-M0017,Cuadrilla 17 (Operador de equipo ligero),MANO DE OBRA,Cabo de oficios,jor,0.050000
00-M0017,Cuadrilla 17 (Operador de equipo ligero),EQUIPO Y HERRAMIENTA,Herramienta de mano,%mo,0.030000
00-M0017,Cuadrilla 17 (Operador de equipo ligero),EQUIPO Y HERRAMIENTA,Equipo de seguridad,%mo,0.020000
00-M0018,Cuadrilla 18 (Operador de Vehículo con Grúa),MANO DE OBRA,Operador de vehículo con grúa,jor,1.000000
00-M0018,Cuadrilla 18 (Operador de Vehículo con Grúa),MANO DE OBRA,Cabo de oficios,jor,0.050000
00-M0018,Cuadrilla 18 (Operador de Vehículo con Grúa),EQUIPO Y HERRAMIENTA,Herramienta de mano,%mo,0.030000
00-M0018,Cuadrilla 18 (Operador de Vehículo con Grúa),EQUIPO Y HERRAMIENTA,Equipo de seguridad,%mo,0.020000
00-M0019,Cuadrilla 19 (Operador de camión + ayudante),MANO DE OBRA,Operador de camión,jor,1.000000
00-M0019,Cuadrilla 19 (Operador de camión + ayudante),MANO DE OBRA,Ayudante oficial,jor,1.000000
00-M0019,Cuadrilla 19 (Operador de camión + ayudante),MANO DE OBRA,Cabo de oficios,jor,0.100000
00-M0019,Cuadrilla 19 (Operador de camión + ayudante),EQUIPO Y HERRAMIENTA,Herramienta de mano,%mo,0.030000
00-M0019,Cuadrilla 19 (Operador de camión + ayudante),EQUIPO Y HERRAMIENTA,Equipo de seguridad,%mo,0.020000
00-M0020,Cuadrilla 20 (Operador de cargador + ayudante),MANO DE OBRA,Operador de cargador,jor,1.000000
00-M0020,Cuadrilla 20 (Operador de cargador + ayudante),MANO DE OBRA,Ayudante oficial,jor,1.000000
00-M0020,Cuadrilla 20 (Operador de cargador + ayudante),MANO DE OBRA,Cabo de oficios,jor,0.100000
00-M0020,Cuadrilla 20 (Operador de cargador + ayudante),EQUIPO Y HERRAMIENTA,Herramienta de mano,%mo,0.030000
00-M0020,Cuadrilla 20 (Operador de cargador + ayudante),EQUIPO Y HERRAMIENTA,Equipo de seguridad,%mo,0.020000
00-M0021,Cuadrilla 21 (Operador de carpeteador + 1 tornillero + 2 rastrilleros + 3 ayudantes),MANO DE OBRA,Operador de carpeteador,jor,1.000000
00-M0021,Cuadrilla 21 (Operador de carpeteador + 1 tornillero + 2 rastrilleros + 3 ayudantes),MANO DE OBRA,Tornillero,jor,1.000000
00-M0021,Cuadrilla 21 (Operador de carpeteador + 1 tornillero + 2 rastrilleros + 3 ayudantes),MANO DE OBRA,Rastrillero,jor,2.000000
00-M0021,Cuadrilla 21 (Operador de carpeteador + 1 tornillero + 2 rastrilleros + 3 ayudantes),MANO DE OBRA,Ayudante oficial,jor,3.000000
00-M0021,Cuadrilla 21 (Operador de carpeteador + 1 tornillero + 2 rastrilleros + 3 ayudantes),MANO DE OBRA,Cabo de oficios,jor,0.350000
00-M0021,Cuadrilla 21 (Operador de carpeteador + 1 tornillero + 2 rastrilleros + 3 ayudantes),EQUIPO Y HERRAMIENTA,Herramienta de mano,%mo,0.030000
00-M0021,Cuadrilla 21 (Operador de carpeteador + 1 tornillero + 2 rastrilleros + 3 ayudantes),EQUIPO Y HERRAMIENTA,Equipo de seguridad,%mo,0.020000
00-M0023,Cuadrilla 23 (Operador de duo-pactor),MANO DE OBRA,Operador de duo-pactor,jor,1.000000
00-M0023,Cuadrilla 23 (Operador de duo-pactor),MANO DE OBRA,Cabo de oficios,jor,0.050000
00-M0023,Cuadrilla 23 (Operador de duo-pactor),EQUIPO Y HERRAMIENTA,Herramienta de mano,%mo,0.030000
00-M0023,Cuadrilla 23 (Operador de duo-pactor),EQUIPO Y HERRAMIENTA,Equipo de seguridad,%mo,0.020000
00-M0024,Cuadrilla 24 (Operador de motoconformadora + ayudante),MANO DE OBRA,Operador de motoconformadora,jor,1.000000
00-M0024,Cuadrilla 24 (Operador de motoconformadora + ayudante),MANO DE OBRA,Ayudante oficial,jor,1.000000
00-M0024,Cuadrilla 24 (Operador de motoconformadora + ayudante),MANO DE OBRA,Cabo de oficios,jor,0.100000
00-M0024,Cuadrilla 24 (Operador de motoconformadora + ayudante),EQUIPO Y HERRAMIENTA,Herramienta de mano,%mo,0.030000
00-M0024,Cuadrilla 24 (Operador de motoconformadora + ayudante),EQUIPO Y HERRAMIENTA,Equipo de seguridad,%mo,0.020000
00-M0026,Cuadrilla 26 (Operador de petrolizadora + ayudante),MANO DE OBRA,Operador de petrolizadora,jor,1.000000
00-M0026,Cuadrilla 26 (Operador de petrolizadora + ayudante),MANO DE OBRA,Ayudante oficial,jor,1.000000
00-M0026,Cuadrilla 26 (Operador de petrolizadora + ayudante),MANO DE OBRA,Cabo de oficios,jor,0.100000
00-M0026,Cuadrilla 26 (Operador de petrolizadora + ayudante),EQUIPO Y HERRAMIENTA,Herramienta de mano,%mo,0.030000
00-M0026,Cuadrilla 26 (Operador de petrolizadora + ayudante),EQUIPO Y HERRAMIENTA,Equipo de seguridad,%mo,0.020000
00-M0027,Cuadrilla 27 (Operador de plancha),MANO DE OBRA,Operador de plancha,jor,1.000000
00-M0027,Cuadrilla 27 (Operador de plancha),MANO DE OBRA,Ayudante oficial,jor,1.000000
00-M0027,Cuadrilla 27 (Operador de plancha),MANO DE OBRA,Cabo de oficios,jor,0.100000
00-M0027,Cuadrilla 27 (Operador de plancha),EQUIPO Y HERRAMIENTA,Herramienta de mano,%mo,0.030000
00-M0027,Cuadrilla 27 (Operador de plancha),EQUIPO Y HERRAMIENTA,Equipo de seguridad,%mo,0.020000
00-M0028,Cuadrilla 28 (Operador de retroexcavadora + ayudante),MANO DE OBRA,Operador de retroexcavadora,jor,1.000000
00-M0028,Cuadrilla 28 (Operador de retroexcavadora + ayudante),MANO DE OBRA,Ayudante oficial,jor,1.000000
00-M0028,Cuadrilla 28 (Operador de retroexcavadora + ayudante),MANO DE OBRA,Cabo de oficios,jor,0.100000
00-M0028,Cuadrilla 28 (Operador de retroexcavadora + ayudante),EQUIPO Y HERRAMIENTA,Herramienta de mano,%mo,0.030000
00-M0028,Cuadrilla 28 (Operador de retroexcavadora + ayudante),EQUIPO Y HERRAMIENTA,Equipo de seguridad,%mo,0.020000
00-M0029,Cuadrilla 29 (Operador de tractor + ayudante),MANO DE OBRA,Operador de tractor,jor,1.000000
00-M0029,Cuadrilla 29 (Operador de tractor + ayudante),MANO DE OBRA,Ayudante oficial,jor,1.000000
00-M0029,Cuadrilla 29 (Operador de tractor + ayudante),MANO DE OBRA,Cabo de oficios,jor,0.100000
00-M0029,Cuadrilla 29 (Operador de tractor + ayudante),EQUIPO Y HERRAMIENTA,Herramienta de mano,%mo,0.030000
00-M0029,Cuadrilla 29 (Operador de tractor + ayudante),EQUIPO Y HERRAMIENTA,Equipo de seguridad,%mo,0.020000
00-M0030,Cuadrilla 30 (Auxiliar de topógrafo + 2 Cadeneros),MANO DE OBRA,Auxiliar topógrafo,jor,1.000000
00-M0030,Cuadrilla 30 (Auxiliar de topógrafo + 2 Cadeneros),MANO DE OBRA,Cadenero,jor,2.000000
00-M0030,Cuadrilla 30 (Auxiliar de topógrafo + 2 Cadeneros),MANO DE OBRA,Cabo de oficios,jor,0.150000
00-M0030,Cuadrilla 30 (Auxiliar de topógrafo + 2 Cadeneros),EQUIPO Y HERRAMIENTA,Herramienta de mano,%mo,0.030000
00-M0030,Cuadrilla 30 (Auxiliar de topógrafo + 2 Cadeneros),EQUIPO Y HERRAMIENTA,Equipo de seguridad,%mo,0.020000
00-M0031,Cuadrilla 31 (Oficial vidriero + ayudante),MANO DE OBRA,Oficial vidriero,jor,1.000000
00-M0031,Cuadrilla 31 (Oficial vidriero + ayudante),MANO DE OBRA,Ayudante oficial,jor,1.000000
00-M0031,Cuadrilla 31 (Oficial vidriero + ayudante),MANO DE OBRA,Cabo de oficios,jor,0.100000
00-M0031,Cuadrilla 31 (Oficial vidriero + ayudante),EQUIPO Y HERRAMIENTA,Herramienta de mano,%mo,0.030000
00-M0031,Cuadrilla 31 (Oficial vidriero + ayudante),EQUIPO Y HERRAMIENTA,Equipo de seguridad,%mo,0.020000
00-M0032,Cuadrilla 32 (Oficial albañil + 6 ayudantes),MANO DE OBRA,Oficial albañil,jor,1.000000
00-M0032,Cuadrilla 32 (Oficial albañil + 6 ayudantes),MANO DE OBRA,Ayudante oficial,jor,6.000000
00-M0032,Cuadrilla 32 (Oficial albañil + 6 ayudantes),MANO DE OBRA,Cabo de oficios,jor,0.350000
00-M0032,Cuadrilla 32 (Oficial albañil + 6 ayudantes),EQUIPO Y HERRAMIENTA,Herramienta de mano,%mo,0.030000
00-M0032,Cuadrilla 32 (Oficial albañil + 6 ayudantes),EQUIPO Y HERRAMIENTA,Equipo de seguridad,%mo,0.020000
00-M0033,Cuadrilla 33 (Aluminero + ayudante),MANO DE OBRA,Aluminero,jor,1.000000
00-M0033,Cuadrilla 33 (Aluminero + ayudante),MANO DE OBRA,Ayudante oficial,jor,1.000000
00-M0033,Cuadrilla 33 (Aluminero + ayudante),MANO DE OBRA,Cabo de oficios,jor,0.100000
00-M0033,Cuadrilla 33 (Aluminero + ayudante),EQUIPO Y HERRAMIENTA,Herramienta de mano,%mo,0.030000
00-M0033,Cuadrilla 33 (Aluminero + ayudante),EQUIPO Y HERRAMIENTA,Equipo de seguridad,%mo,0.020000
00-M0034,Cuadrilla 34 (Colocador + ayudante),MANO DE OBRA,Oficial colocador,jor,1.000000
00-M0034,Cuadrilla 34 (Colocador + ayudante),MANO DE OBRA,Ayudante oficial,jor,1.000000
00-M0034,Cuadrilla 34 (Colocador + ayudante),MANO DE OBRA,Cabo de oficios,jor,0.100000
00-M0034,Cuadrilla 34 (Colocador + ayudante),EQUIPO Y HERRAMIENTA,Herramienta de mano,%mo,0.030000
00-M0034,Cuadrilla 34 (Colocador + ayudante),EQUIPO Y HERRAMIENTA,Equipo de seguridad,%mo,0.020000
