Descripción,Unidad,Costo
"Aceite hidráulico H-300 AW 68, de 5 litros",l,$26.69
"Aceite lubricante para motor SAE 25W50, de 5 litros",l,$70.59
Adhesivo base látex 2050 (Rendimiento hasta 4.62 m2/l),l,$55.09
Agua de toma municipal,m³,$83.05
"Alambre de cobre THW-LS / THHW-LS CE RoHS, calibre 10, código 300888",m,$14.23
"Alambre ferretero galvanizado calibre 10.5, clave 4708",m,$37.27
"Alambre recocido de acero calibre 18, clave 1201",kg,$26.70
"Alambrón de acero para construcción de 1/4"", clave 2341",kg,$20.24
"Alfombra linea Luxor, color Cream Amber modelo 25026 de rizo texturizado",m²,$550.65
"Anclas de acero de 3/4"" x 75 cm, marca POLESA.",pieza,$106.33
"Ángulo de acero A-36 de 3/16"" de espesor de 1"" x 1""",kg,$15.56
"Angulo de amarre cal. 26 de acero galvanizado de 2.6 cm (1"") de ancho, 3.05 m (10') de largo",m,$6.73
Anillo precolado para registro de 0.40x0.60x1.00 m,pieza,"$1,965.89"
Arena,m³,$343.08
"Asiento elongado de cierre lento, color blanco, modelo Cadet",pieza,"$1,124.00"
"Azulejo blanco de 20x30 cm, modelo Astratto",m²,$116.38
Bajo Alfombra,m²,$13.24
Base precolada para registro de 0.40x0.60x1.00 m,pieza,$747.02
"Biodegestor autolimpiable de polietileno con capacidad de 1,300 litros",pieza,"$9,139.06"
Block de concreto de 15x20x40 cm,pieza,$9.42
"Bomba centrífuga de 1/2 HP con salida 1"" x 1"" NPT, 127v, modelo BCHP.50",pieza,"$2,152.57"
"Bomba centrífuga de 3/4 HP con salida 1"" x 1"" NPT, 127v, modelo BCHP.75",pieza,"$3,173.79"
"Bovedilla de cemento-arena de 15x70x25 cm, 18 Kg/pza",pieza,$15.97
"Bovedilla de concreto ligero de 15x63x20, peso de 115 kg/m2",pieza,$30.00
"Brazo para luminaria tipo ""C"" de 1.50 m de longitud y 1.25"" de diametro, cédula 30",pieza,$245.00
"Brida Fo.Fo. roscada de 10""(256 mm) de diámetro",pieza,$662.87
"Brida Fo.Fo. roscada de 2""(51 mm) de diámetro",pieza,$124.81
"Brida Fo.Fo. roscada de 2-1/2""(63 mm) de diámetro",pieza,$144.59
"Brida Fo.Fo. roscada de 3""(76 mm) de diámetro",pieza,$189.08
"Brida Fo.Fo. roscada de 4""(101 mm) de diámetro",pieza,$242.22
"Brida Fo.Fo. roscada de 6""(152 mm) de diámetro",pieza,$395.47
"Brida Fo.Fo. roscada de 8""(203 mm) de diámetro",pieza,$442.31
Brocal con tapa ciego de 60 cm serie 250,pieza,"$1,176.18"
Brocal pozo de visita con tapa de Fo.Fo. de 110 kg,pieza,"$1,540.00"
Brocal pozo de visita con tapa de Fo.Fo. de 130 kg,pieza,"$1,820.00"
Brocal pozo de visita con tapa de Fo.Fo. de 160 kg,pieza,"$2,240.00"
"Cal hidratada modelo cal Pirámide, saco de 25 kg",t,"$1,590.36"
"Canal metálico cal. 26 de acero galvanizado, de 4.10 cm (1-5/8"") de ancho, 3.05 m (10') de largo",pieza,$34.20
"Canal metálico cal. 26 de acero galvanizado, de 6.35 cm (2-1/2"") de ancho, 3.05 m (10') de largo",pieza,$41.04
"Canal metálico cal. 26 de acero galvanizado, de 9.20 cm (3-5/8"") de ancho, 3.05 m (10') de largo",m,$36.33
"Canaleta de carga de 1-1/2""(38 mm) x 3.05m, calibre 22",m,$9.80
"Carrete corto fofo 10"" (254 mm) de diámetro x 250 mm de longitud",pieza,"$1,897.71"
"Carrete corto fofo 2"" (51 mm) de diámetro x 250 mm de longitud",pieza,$246.00
"Carrete corto fofo 2-1/2"" (64 mm) de diámetro x 250 mm de longitud",pieza,$316.36
"Carrete corto fofo 3"" (76 mm) de diámetro x 250 mm de longitud",pieza,$286.51
"Carrete corto fofo 4"" (102 mm) de diámetro x 250 mm de longitud",pieza,$597.42
"Carrete corto fofo 6"" (152 mm) de diámetro x 250 mm de longitud",pieza,$913.62
"Carrete corto fofo 8"" (203 mm) de diámetro x 250 mm de longitud",pieza,"$1,370.49"
"Carrete largo fofo 10"" (254 mm) de diámetro x 500 mm de longitud",pieza,"$2,951.94"
"Carrete largo fofo 2"" (51 mm) de diámetro x 500 mm de longitud",pieza,$386.51
"Carrete largo fofo 2-1/2"" (64 mm) de diámetro x 500 mm de longitud",pieza,$492.04
"Carrete largo fofo 3"" (76 mm) de diámetro x 500 mm de longitud",pieza,$597.42
"Carrete largo fofo 4"" (102 mm) de diámetro x 500 mm de longitud",pieza,$913.62
"Carrete largo fofo 6"" (152 mm) de diámetro x 500 mm de longitud",pieza,"$1,370.49"
"Carrete largo fofo 8"" (203 mm) de diámetro x 500 mm de longitud",pieza,"$2,073.34"
"Cemento flexible Basecoat, saco de 20 kg",kg,$15.13
"Cemento para loseta, tipo Piso sobre Piso Rápido, color gris, bulto de 10 kg",kg,$23.71
"Cemento portland blanco CPC 30RB, saco de 50 kg",t,"$4,608.67"
"Cemento portland gris CPC 30R, saco de 50 kg",t,"$3,123.32"
Cepillo plástico para limpieza Reynera,pieza,$71.12
"Cera autobrillante de loseta y mármol, bote de 750 ml",pieza,$81.90
"Cero fino, bulto de 50 kg",kg,$1.11
"Chaflán de madera de pino de 3a de 3/4"" (19 mm) x 3/4"" (19 mm) x 8 1/4' (2.50 m)",m,$3.09
"Cinta de fibra de vidrio E, de 10 cm x 45 m",m,$1.83
"Cinta de refuerzo para juntas, rollo de 76.25 x 5.24 cm",pieza,$38.21
"Clavo de 2 1/2"" (63 mm) con cabeza, calibre 11, clave 3120",kg,$16.00
"Cloro regular, bote de 3.75 l",l,$4.60
"Codo conduit de PVC ligero de 90° de 50 mm (2"") modelo CPL0519",pieza,$19.80
Codo de concreto de 15x45 grados,pieza,$73.60
"Codo de fierro fundido de 90° de 102 mm (4"") tipo TAR-TISA",pieza,$209.69
"Codo de fierro fundido de 90° de 152 mm (6"") tipo TAR-TISA",pieza,$550.79
"Codo de fierro fundido de 90° de 203 mm (8"") tipo TAR-TISA",pieza,"$1,267.72"
"Codo de fierro fundido de 90° de 51 mm (2"") tipo TAR-TISA",pieza,$114.20
"Codo Fo.Fo. Bridado de 45°,22° y 11° x 2-1/2"" (63 mm)",pieza,$843.35
"Codo Fo.Fo. Bridado de 45°,22° y 11° x 3"" (76 mm)",pieza,$949.20
"Codo Fo.Fo. Bridado de 90° x 2-1/2"" (63 mm)",pieza,$316.40
"Codo Fo.Fo. Bridado de 90° x 3"" (76 mm)",pieza,$386.51
"Codo Fo.Fo. de 45° x 10""(254 mm) modelo L123",pieza,"$1,456.87"
"Codo Fo.Fo. de 45° x 4""(102 mm) modelo M398",pieza,$168.31
"Codo Fo.Fo. de 45° x 6""(152 mm) modelo M607",pieza,$418.81
"Codo Fo.Fo. de 45° x 8""(203 mm) modelo L122",pieza,$882.67
"Codo Fo.Fo. de 90° x 10"" (254 mm) modelo L454",pieza,"$2,299.41"
"Codo fofo 45, 22 y 11 de 51 mm ( 2"")",pieza,$341.29
Coladera Pluvial con boca de tormenta Fo.Fo. de 75 kg,pieza,"$1,050.00"
"Coladera Tipo plato de hierro gris con rejilla redonda de acero inoxidable modelo UP 660, diametro de 31.75cms y rejilla redonda de 23.31 cns, con conexión roscada para 4""(100mm)",pieza,"$1,188.01"
"Compuesto RD+Mix Clásico, de 22 kg",pieza,$233.28
"Concreto asfáltico en planta agregado de 3/4"" a finos cemento asfáltico AC-20",m³,"$3,097.13"
Concreto Pmz fc=200 kg/cm2 Rev. 14 - 28 D,m³,"$1,366.00"
Concreto Pmz fc=250 kg/cm2 Rev. 14 - 28 D,m³,"$1,462.00"
"Concreto premezclado ""B"", f'c 150 kg/cm² resist. Normal tma 20 mm",m³,"$1,327.00"
"Concreto premezclado ""B"", f'c 200 kg/cm² resist. Normal tma 20 mm",m³,"$1,366.00"
"Contramarco doble canal 6"" x 1.80 m",pieza,"$3,178.81"
"Contramarco doble canal 6"" x 2.10 m",pieza,"$3,503.72"
"Contramarco sencillo centrado, canal de 6""x 1.40 m",pieza,"$1,928.37"
"Contramarco sencillo centrado, canal de 6""x 1.80 m",pieza,"$2,291.56"
"Contramarco sencillo centrado, canal de 6""x 2.10 m",pieza,"$2,556.33"
"Cristal flotado de 4 mm de espesor, de 2.30x2.60 m, tipo Claro",m²,$149.55
"Cruz Fo.Fo. Bridada de 10"" x 10"" (250x250 mm)",pieza,"$17,614.31"
"Cruz Fo.Fo. Bridada de 10"" x 2-1/2"" (250x63 mm)",pieza,"$3,827.53"
"Cruz Fo.Fo. Bridada de 10"" x 3"" (250x76 mm)",pieza,"$3,865.87"
"Cruz Fo.Fo. Bridada de 10"" x 4"" (250x100 mm)",pieza,"$4,133.87"
"Cruz Fo.Fo. Bridada de 10"" x 6"" (250x150 mm)",pieza,"$4,401.76"
"Cruz Fo.Fo. Bridada de 10"" x 8"" (250x200 mm)",pieza,"$4,860.98"
"Cruz Fo.Fo. Bridada de 2"" x 2"" (51x51 mm)",pieza,$459.47
"Cruz Fo.Fo. Bridada de 2-1/2"" x 2"" (63x51 mm)",pieza,$574.12
"Cruz Fo.Fo. Bridada de 2-1/2"" x 2-1/2"" (63x63 mm)",pieza,$650.59
"Cruz Fo.Fo. Bridada de 3"" x 2"" (76x51 mm)",pieza,$689.03
"Cruz Fo.Fo. Bridada de 3"" x 2-1/2"" (76x63 mm)",pieza,$727.11
"Cruz Fo.Fo. Bridada de 3"" x 3"" (76x76 mm)",pieza,$803.78
"Cruz Fo.Fo. Bridada de 4"" x 2"" (100x51 mm)",pieza,$995.16
"Cruz Fo.Fo. Bridada de 4"" x 2-1/2"" (100x63 mm)",pieza,"$1,071.68"
"Cruz Fo.Fo. Bridada de 4"" x 3"" (100x76 mm)",pieza,"$1,110.11"
"Cruz Fo.Fo. Bridada de 4"" x 4"" (100x100 mm)",pieza,"$1,339.62"
"Cruz Fo.Fo. Bridada de 6"" x 2"" (150x51 mm)",pieza,"$1,531.00"
"Cruz Fo.Fo. Bridada de 6"" x 2-1/2"" (150x63 mm)",pieza,"$1,607.61"
"Cruz Fo.Fo. Bridada de 6"" x 3"" (150x76 mm)",pieza,"$1,685.80"
"Cruz Fo.Fo. Bridada de 6"" x 4"" (150x100 mm)",pieza,"$1,875.60"
"Cruz Fo.Fo. Bridada de 6"" x 6"" (150x150 mm)",pieza,"$2,181.83"
"Cruz Fo.Fo. Bridada de 8"" x 2-1/2"" (200x63 mm)",pieza,"$2,449.83"
"Cruz Fo.Fo. Bridada de 8"" x 3"" (200x76 mm)",pieza,"$2,487.91"
"Cruz Fo.Fo. Bridada de 8"" x 4"" (200x100 mm)",pieza,"$2,717.48"
"Cruz Fo.Fo. Bridada de 8"" x 6"" (200x150 mm)",pieza,"$2,949.33"
"Cruz Fo.Fo. Bridada de 8"" x 8"" (200x200 mm)",pieza,"$3,368.32"
Detergente en polvo de 1 kg,kg,$25.43
Diesel,l,$18.63
"Electrodo revestido de 1/8"" de diámetro, 14"" de longitud, tipo Lincoln 46 E6013",kg,$70.69
"Empaque de plomo 2"" (51 mm), 2mm de espesor",pieza,$23.53
"Empaque de plomo de 10"" (256 mm)",pieza,$165.88
"Empaque de plomo de 2-1/2"" (63 mm)",pieza,$26.47
"Empaque de plomo de 3"" (76 mm)",pieza,$35.29
"Empaque de plomo de 4"" (101 mm)",pieza,$47.06
"Empaque de plomo de 6"" (152 mm)",pieza,$58.82
"Empaque de plomo de 8"" (203 mm)",pieza,$111.76
"Emulsión asfáltica RR-2K, elaborada con AC-20 ó equivalente y materiales pétreos de granulometría 3/4"" (19 mm).",l,$9.80
"Entrada de servicio (mufa) tipo abrazadera de 1/2""(13 mm) modelo EH-1",pieza,$24.29
"Entrada de servicio (mufa) tipo abrazadera de 3/4""(19 mm) modelo EHC-2",pieza,$37.50
"Escalerilla, diseño 20-2. diseño 17 cm, separacióm 30 cm",pieza,$13.00
Escalon para pozo de visita ligero,pieza,$67.17
"Esferas de poliestireno expandido recubiertos con aditivo STC-STYRENCRET para un peso volumétrico seco de 1,450 kg/m3, bolsa de 200 lts",l,$1.45
"Esquinero metálico 30, de 2.44 m",pieza,$17.76
"Estopa blanca, bolsa de 1 kg, clave EST0-1B",kg,$39.00
"Extremidad Fo.Fo. bridada de 10""(256 mm)",pieza,"$1,933.13"
"Extremidad Fo.Fo. bridada de 2""(51 mm)",pieza,$265.79
"Extremidad Fo.Fo. bridada de 2-1/2""(63 mm)",pieza,$338.36
"Extremidad Fo.Fo. bridada de 3""(76 mm)",pieza,$429.06
"Extremidad Fo.Fo. bridada de 4""(101 mm)",pieza,$607.84
"Extremidad Fo.Fo. bridada de 6""(152 mm)",pieza,$970.66
"Extremidad Fo.Fo. bridada de 8""(203 mm)",pieza,"$1,361.52"
Fabrimalla de acero de 2 x 2 - 14/14.,pieza,$49.89
"Fester Silicón, cubeta de 19 litros",l,$157.58
"Fierro estructural de 1"" x 1/8""",kg,$17.21
Flete Mty-Mex (224 m2),Flete,"$23,639.21"
Flete Mty-Mex (280 m2),Flete,"$30,170.85"
"Foco de vapor de sodio de 150w, modelo Foco SHP-TS 150W E39",pieza,$165.52
"Foco de vapor de sodio de 250w, modelo Foco SODIO LU250W ED18 E39",pieza,$129.31
"Franela de algodón color gris, rollo de 50 m, clave FRA-50G",m,$10.50
Gas butano,kg,$16.58
Gasolina Magna,l,$17.62
Gastos de taller (10% de materiales),%ma,$171.12
Grava cementada controlada,m³,$220.56
"Grava de 1-1/2"" (38 mm)",m³,$451.05
"Grava de 3/4"" (19 mm)",m³,$350.95
Gravilla,m³,$266.52
"Hidroprimer®, cubeta de 19 lts",pieza,"$1,816.00"
"Impermeabilizante asfáltico Vaportite 550®, cubeta de 19 lts",pieza,"$1,968.00"
Juego de herrajes para puerta modelo 65 L 300,juego,$134.81
"Juego de herrajes para ventana de 2"".",juego,$50.87
"Juego de llaves individuales para lavabo modelo FIG 242, acabado cromado",pieza,$690.11
"Juego de manerales grandes “KING” acabado latón, modelo KG",pieza,$241.55
"Junta Gibault Fo.Fo. Completa de 10"" (256 mm) de diámetro",pieza,$622.35
"Junta Gibault Fo.Fo. Completa de 2"" (51 mm) de diámetro",pieza,$89.18
"Junta Gibault Fo.Fo. Completa de 2-1/2"" (63 mm) de diámetro",pieza,$107.06
"Junta Gibault Fo.Fo. Completa de 3"" (76 mm) de diámetro",pieza,$128.24
"Junta Gibault Fo.Fo. Completa de 4"" (101 mm) de diámetro",pieza,$194.71
"Junta Gibault Fo.Fo. Completa de 6"" (152 mm) de diámetro",pieza,$304.71
"Junta Gibault Fo.Fo. Completa de 8"" (203 mm) de diámetro",pieza,$457.65
Lámina galvanizada calibre 10 con recubrimiento anticorrosión espesor de 3.45 mm de 3' x 10' (75.34 kg/Pieza),kg,$23.32
"Lámina galvanizada de 4'x8', calibre 18, con recubrimiento de zinc",kg,$21.47
"Lavabo de cerámica de alto brillo de bajo cubierta con rebosadero, color blanco, tipo Lugano, modelo LV Lugano",pieza,$909.79
Llantas 1100-20 (6),juego,"$24,020.36"
Llantas 11x22 (12 capas) (8) & 33.25x29 26 PRE-3 (2),juego,"$272,514.21"
Llantas 1300 x 24 14 PR G-2 (6),juego,"$61,085.95"
Llantas 14.9-24 6 R-4 (2),juego,"$14,536.09"
Llantas 15.5 X 25 12 C L-2 (4),juego,"$19,085.69"
Llantas 1800 (4),juego,"$138,024.15"
"Loseta modelo Gala Beige de 20.1 x 30.2 cm, aspecto mármol, acabado brillante para muro",m²,$123.00
"Loseta vinílica de 1.6 mm de espesor, de 30.48 x 30.48 cm, modelo PM 326",m²,$75.96
"Loseta vinílica de 3.1 mm de espesor, de 30.48 x 30.48 cm, modelo TC 573",m²,$156.64
"Luminaria Diamante para alumbrado vial, VSAP 250 W, modelo LM026",pieza,"$3,227.00"
"Luminaria LED de calle SL-SM de 63 W, 6,800 lm, 120/227V, código 221565",pieza,"$5,282.48"
"Luminaria LED de calle SL-SM de 94 W, 10,200 lm, 120/227V, código 221569",pieza,"$6,229.91"
"Luminario Europea Led de 105 W, modelo LP010, carcaza de aluminio inyectado",pieza,"$9,829.00"
"Luminario LED industrial y comercial, carcasa de aluminio, modelo 217011 de 160 W",pieza,"$9,608.81"
Madera de pino (cimbra) de 1 cara de 15 mm x 1.22 m x 2.44 m,hoja,$547.07
"Madera de pino de 3a de 3/4"" (19mm) x 12"" (30 cm) x 8-1/4' (2.50m)",pt,$21.21
"Malla electrosoldada de 6x6-10/10, de 2.5x40 m, modelo 604",m²,$15.00
"Malla esquinera recta de 4""(100 mm) x 2.40 m",pieza,$55.66
Malla unión Termofon,pieza,$22.84
"Manguera de succión para agua y lodo de 75 mm (3"") código MAS-ES076, tramo de 30 m",pieza,"$5,651.49"
"Marco con tapa AP de 50 x 50 cm, de 80 kg",pieza,"$1,728.43"
"Membrana de refuerzo para sistemas impermeables asfálticos base agua y base solvente Festerflex, de 10 x 1.10 m",m,$9.67
Moldura de poliestireno tipo pecho paloma de 10 x 10 cm No. 1,m,$37.21
"Mortero expansivo Sika Grout, saco de 30 kg",pieza,$560.99
Panel CONTEC AAC-4 78 kg/cm2 (para Vivienda),m³,"$3,874.03"
Panel CONTEC AAC-4 98 kg/cm2 (para Vivienda),m³,"$3,911.72"
Panel de yeso regular de 1.22 x 2.44m (4' x 8') de 12.7 mm de espesor,pieza,$106.00
"Panel estructural Covintec Premium de 3"" x 1.22 x 2.44 m",pieza,$475.63
"Panel estructural de 3"" de 1.22 x 2.44 m, alambre Cal. 14",pieza,$456.90
"Panel semi-estructural de 2"" de 1.22 x 2.44 m, alambre Cal. 14",pieza,$300.00
Perfil principal T de 3.66 m,pieza,"$2,515.33"
Perfil secundario T de 0.61 m,pieza,$947.77
Perfil secundario T de 1.22 m,pieza,"$1,809.58"
"Perfiles de fierro tubular de lámina 1/2""x1""",kg,$26.15
Piedra braza,m³,$562.33
"Piedra de mármol (marmolina) blanco cero grueso, bolsa de 50 kg",kg,$1.79
"Pija para madera con aristas #10 x 1 1/2"", punta 17 phillips negra, modelo PMA10038",pieza,$0.41
"Pija para tablaroca cuerda fina de #6 X 1 5/8"", phillips negra, modelo PT06041",millar,$215.52
"Pintura anticorrosiva Comex 100 Primario®, cubeta de 19 litros",l,$97.14
"Pintura esmalte alquidálica anticorrosiva base agua, Acqua 100 Max®, cubeta de 19 litros",l,$124.05
"Pintura para señalamiento de tránsito Vía Color®, cubeta de 19 litros",l,$131.19
"Pintura vinil acrílica satinada base agua Vinimex®, bote de 19 litros.",l,$102.09
"Placa de acero A-36 de 1/4"" de 11 x 5 cm",pieza,$16.37
"Placa de acero A-36 de 1/4"" de 9 x 5 cm",pieza,$16.37
"Plaka plafón Antaris LS de 61 x 61 cm, resistente al fuego, caja con 14 piezas",caja,"$1,722.15"
"Plato quiebra chorro con bola de contra peso y codo cespol, de fierro fundido",juego,$957.90
Polietileno de 400 micras,m²,$15.71
Polín cimbra de pino de 8 cm x 8 cm x 2.50 m,pt,$8.60
Poste calibre 26 de 4.10 cm x 2.44 m,pieza,$30.90
Poste calibre 26 de 6.35 cm x 2.44 m,pieza,$49.00
"Poste cónico circular de 8.00 m, fabricado en lamina de acero, calibre 11, modelo PS027",pieza,"$3,612.00"
"Poste cónico cuadrado, serie PCCU de 5 m de altura, espesor de placa de 11.1 mm, terminado galvanizado",pieza,"$1,755.00"
"Poste metálico cal. 26m, 9.20 cm x 2.44 m",m,$22.58
"Puerta de abatir de 1.80 x 1.20 m, cristal claro de 3 mm completo, con marco de aluminio blanco pintura electrostática. (incluye: chapa sencilla con llave y 2 jaladeras)",pieza,"$7,277.27"
"Recubrimiento acrílico en pasta Texturi Tersa®, cubeta de 19 litros",pieza,$588.22
"Recubrimiento protector y decorativo elástico Festerblanc, cubeta de 19 litros",pieza,"$2,522.67"
"Recubrimiento texturizable Vinicement D, cubeta de 33 kg",Cubeta,$934.00
"Reducción Fo.Fo. Bridada de 10""x 3"" (250x76 mm)",pieza,"$1,405.92"
"Reducción Fo.Fo. Bridada de 10""x 4"" (250x100 mm)",pieza,"$1,511.20"
"Reducción Fo.Fo. Bridada de 10""x 6"" (250x150 mm)",pieza,"$1,650.31"
"Reducción Fo.Fo. Bridada de 10""x 8"" (250x200 mm)",pieza,"$1,897.91"
"Reducción Fo.Fo. Bridada de 3""x 2"" (76x51 mm)",pieza,$245.94
"Reducción Fo.Fo. Bridada de 3""x 2-1/2"" (76x63 mm)",pieza,$281.12
"Reducción Fo.Fo. Bridada de 4""x 2"" (100x51 mm)",pieza,$386.51
"Reducción Fo.Fo. Bridada de 4""x 2-1/2"" (100x63 mm)",pieza,$421.53
"Reducción Fo.Fo. Bridada de 4""x 3"" (100x76 mm)",pieza,$556.77
"Reducción Fo.Fo. Bridada de 6""x 2"" (150x51 mm)",pieza,$597.52
"Reducción Fo.Fo. Bridada de 6""x 2-1/2"" (150x63 mm)",pieza,$632.60
"Reducción Fo.Fo. Bridada de 6""x 3"" (150x76 mm)",pieza,$667.63
"Reducción Fo.Fo. Bridada de 6""x 4"" (150x100 mm)",pieza,$773.11
"Reducción Fo.Fo. Bridada de 8""x 2"" (200x51 mm)",pieza,$913.62
"Reducción Fo.Fo. Bridada de 8""x 2-1/2"" (200x63 mm)",pieza,$983.98
"Reducción Fo.Fo. Bridada de 8""x 3"" (200x76 mm)",pieza,"$1,019.01"
"Reducción Fo.Fo. Bridada de 8""x 4"" (200x100 mm)",pieza,"$1,124.59"
"Reducción Fo.Fo. Bridada de 8""x 6"" (200x150 mm)",pieza,"$1,265.06"
Refuerzo horizontal para muro de block,m,$6.39
Rejilla de piso con bisagra Fo.Fo. de 60x40 cm en 80kg,pieza,"$1,120.00"
"Rollo plomero de lija de 25 mm de ancho, largo de 45 m, tipo J-86, modelo 01917",m,$5.67
"Sellador acrílico 5x1 Reforzado®, cubeta de 19 litros.",l,$66.28
"Semivigueta de concreto con alma abierta, peralte de 13 cm, de 2.20 m de longitud",m,$180.00
"Semivigueta de concreto con alma abierta, peralte de 15 cm, de 2.20 m de longitud",m,$180.00
"Silicón blanco industrial Dow Corning 732, cartucho de 300 ml",pieza,$102.59
"Sistema prefabricado de compuesto de asfaltos destilados modificados modelo PG-45 T SBS con refuerzo de poliéster 180 grs/m2, acabado superior de gravilla, acabado inferior de polietileno, espesor de 4.50 mm, rollo de 100 x 1 m",m²,$18.92
"Slant de concreto de 6""(15 cm) de dámetro, resistencia del concreto 280 kgf/cm2, longitud total 100 cm, peso 0.028 kg",pieza,$69.79
"Tabique de 20 x 10 x 10 cm, de 1 cara, capa de esmalte vidriado",millar,"$25,180.00"
"Tabique de 20 x 10 x 10 cm, de 2 caras, capa de esmalte vidriado",millar,"$25,180.00"
"Tabique hueco Vintex Natural 12/12 de 12x12x24 cm, acabado liso, modelo VIN1212NATU",millar,"$6,461.93"
"Tabique hueco Vintex Natural 6/12 de 6x12x24 cm, acabado rústico, modelo VIN0612RNATU",millar,"$3,879.31"
Tabique rojo recocido de 7 x 14 x 28 cm,millar,"$2,365.95"
"Tablacemento USG DUROCK® de 1/2""(12.7 mm) de espesor, medidas 1,22m x 2.44m",pieza,$96.55
"Tapa ciega Fo.Fo. de 10"" (256 mm) de diámetro",pieza,$924.14
"Tapa ciega Fo.Fo. de 2"" (51 mm) de diámetro",pieza,$70.26
"Tapa ciega Fo.Fo. de 2-1/2"" (63 mm) de diámetro",pieza,$105.49
"Tapa ciega Fo.Fo. de 3"" (76 mm) de diámetro",pieza,$130.13
"Tapa ciega Fo.Fo. de 4"" (101 mm) de diámetro",pieza,$228.46
"Tapa ciega Fo.Fo. de 6"" (152 mm) de diámetro",pieza,$369.02
"Tapa ciega Fo.Fo. de 8"" (203 mm) de diámetro",pieza,$633.26
Tapa precolada para registro de 0.40x0.60x1.00 m,pieza,$388.33
"Tapete de jerga de 60 x 37 cm, clave TAJE-60",pieza,$50.00
Tapón cubretaladros modelo PL-A100,pieza,$21.36
"Taquete color negro de 1/2"" x 1"", modelo FDP013",caja,$18.32
"Taquete color negro de 1/4 x 1"", modelo FDP006",pieza,$0.16
"Taquete color negro de 5/16 x 1"", modelo FDP008",pieza,$0.21
"Taza redonda de cerámica porcelanizada de 4.8 litros por descarga, modelo Cadet PRO NH RF, color blanco.",pieza,"$1,369.26"
"Tee de Fo.Fo. Bridada de 10"" x 10"" (250x250 mm)",pieza,"$4,401.76"
"Tee de Fo.Fo. Bridada de 10"" x 2-1/2"" (250x63 mm)",pieza,"$3,636.27"
"Tee de Fo.Fo. Bridada de 10"" x 3"" (250x76 mm)",pieza,"$3,674.44"
"Tee de Fo.Fo. Bridada de 10"" x 4"" (250x100 mm)",pieza,"$3,789.30"
"Tee de Fo.Fo. Bridada de 10"" x 6"" (250x150 mm)",pieza,"$3,942.49"
"Tee de Fo.Fo. Bridada de 10"" x 8"" (250x200 mm)",pieza,"$4,133.87"
"Tee de Fo.Fo. Bridada de 2"" x 2"" (51x51 mm)",pieza,$382.74
"Tee de Fo.Fo. Bridada de 2-1/2"" x 2"" (64x51 mm)",pieza,"$1,595.05"
"Tee de Fo.Fo. Bridada de 2-1/2"" x 2-1/2"" (63x63 mm)",pieza,$497.56
"Tee de Fo.Fo. Bridada de 3"" x 2"" (76x51 mm)",pieza,$574.12
"Tee de Fo.Fo. Bridada de 3"" x 2-1/2"" (76x63 mm)",pieza,$612.31
"Tee de Fo.Fo. Bridada de 3"" x 3"" (76x76 mm)",pieza,$650.59
"Tee de Fo.Fo. Bridada de 4"" x 2"" (100x51 mm)",pieza,$880.20
"Tee de Fo.Fo. Bridada de 4"" x 2-1/2"" (100x63 mm)",pieza,$918.63
"Tee de Fo.Fo. Bridada de 4"" x 3"" (100x76 mm)",pieza,$957.02
"Tee de Fo.Fo. Bridada de 4"" x 4"" (100x100 mm)",pieza,"$1,071.68"
"Tee de Fo.Fo. Bridada de 6"" x 2"" (150x51 mm)",pieza,"$1,416.19"
"Tee de Fo.Fo. Bridada de 6"" x 2-1/2"" (150x63 mm)",pieza,"$1,454.42"
"Tee de Fo.Fo. Bridada de 6"" x 3"" (150x76 mm)",pieza,"$1,492.81"
"Tee de Fo.Fo. Bridada de 6"" x 4"" (150x100 mm)",pieza,"$1,607.61"
"Tee de Fo.Fo. Bridada de 6"" x 6"" (150x150 mm)",pieza,"$1,722.52"
"Tee de Fo.Fo. Bridada de 8"" x 2-1/2"" (200x63 mm)",pieza,"$2,558.31"
"Tee de Fo.Fo. Bridada de 8"" x 3"" (200x76 mm)",pieza,"$2,296.54"
"Tee de Fo.Fo. Bridada de 8"" x 4"" (200x100 mm)",pieza,"$2,411.44"
"Tee de Fo.Fo. Bridada de 8"" x 6"" (200x150 mm)",pieza,"$2,526.26"
"Tee de Fo.Fo. Bridada de 8"" x 8"" (200x200 mm)",pieza,"$2,752.80"
Tepetate,m³,$300.00
Terrazo modelo Slate Yakarta 30 de 30 x 30 cm,m²,$742.48
Tezontle,m³,$380.00
"Thinner estándar Comex, bote de 20 litros",l,$29.78
"Tornillo cabeza extraplana de 6 mm x 1 1/8""",pieza,$0.14
"Tornillo cabeza hexagonal Grado 2 de 1/2"" x 2"", código EL13051",pieza,$13.16
"Tornillo cabeza hexagonal Grado 2 de 3/4"" x 4"", código EL19102",pieza,$50.59
"Tornillo cabeza hexagonal Grado 2 de 7/8"" x 5"", código EL22127",pieza,$86.21
"Tornillo de acero de 16 x 64 mm (5/8"" x 2 1/2"") para brida",pieza,$17.24
"Tornillo de acero de 16 x 75 mm (5/8"" x 3"") para brida",pieza,$20.69
Triplay de madera de pino de 1a de 6 mm x 1.22 m x 2.44 m,m²,$91.43
"Tubo de concreto reforzado de 107 cm (42"") con junta hermética, unión espiga-campana, grado 1",m,"$2,298.00"
"Tubo de concreto reforzado de 122 cm (48"") con junta hermética, unión espiga-caja, grado 1",m,"$2,754.00"
"Tubo de concreto reforzado de 45 cm (18"") con junta hermética, unión espiga-campana, grado 1",m,$556.00
"Tubo de concreto reforzado de 61 cm (24"") con junta hermética, unión espiga-campana, grado 1",m,$846.00
"Tubo de concreto reforzado de 76 cm (30"") con junta hermética, unión espiga-campana, grado 1",m,"$1,324.00"
"Tubo de concreto reforzado de 91 cm (36"") con junta hermética, unión espiga-campana, grado 1",m,"$1,735.00"
"Tubo de concreto simple de 15 cm (6"") con junta hermética, grado 1",m,$105.00
"Tubo de concreto simple de 15 cm (6"") con junta hermética, grado 1",m,$105.00
"Tubo de concreto simple de 20 cm (8"") con junta hermética, grado 1",m,$147.00
"Tubo de concreto simple de 25 cm (10"") con junta hermética, grado 1",m,$206.00
"Tubo de concreto simple de 25 cm (10"") con junta hermética, grado 1",m,$206.00
"Tubo de concreto simple de 30 cm (12"") con junta hermética, grado 1",m,$251.00
"Tubo de concreto simple de 38 cm (15"") con junta hermética, grado 1",m,$393.00
"Tubo de concreto simple de 45 cm (18"") con junta hermética, grado 1",m,$449.00
"Tubo de concreto simple de 61 cm (24"") con junta hermética, grado 1",m,$846.00
"Tubo de concreto simple de 8"" (200 mm)",m,$338.67
"Tubo de PVC sistema inglés RD 26 de espiga-campana de 100 mm (4"") de 6m",m,$98.20
"Tubo de PVC sistema inglés RD 26 de espiga-campana de 150 mm (6"") de 6m",m,$150.68
"Tubo de PVC sistema inglés RD 26 de espiga-campana de 200 mm (8"") de 6m",m,$256.13
"Tubo de PVC sistema inglés RD 26 de espiga-campana de 51 mm (2"") de 6m",m,$19.25
"Tubo de PVC sistema inglés RD 26 de espiga-campana de 64 mm (2 1/2"") de 6m",m,$28.42
"Tubo de PVC sistema inglés RD 26 de espiga-campana de 75 mm (3"") de 6m",m,$42.01
"Tubo hidráulico PVC con campana sistema inglés RD-21, de 114.3 mm (4"") tramo de 6 m",m,$115.96
"Tubo hidráulico PVC con campana sistema inglés RD-21, de 73 mm (2 1/2"") tramo de 6 m",m,$50.61
"Tubo hidráulico PVC con campana sistema inglés RD-21, de 88.9 mm (3"") tramo de 6 m",m,$70.91
"Tubo sanitario de PVC pared lisa de 50 mm (2"") tramo de 6 m",m,$11.00
Utilidad de taller (materiales),%ma,$19.71
"Válvula de compuerta de hierro fundido tipo OS&Y de 102 mm (4"") barrenado a bridas, con vástago ascendente, clase 125, figura W726F",pieza,"$7,816.70"
"Válvula de compuerta de hierro fundido tipo OS&Y de 152 mm (6"") barrenado a bridas, con vástago ascendente, clase 125, figura W726F",pieza,"$13,389.43"
"Válvula de compuerta de hierro fundido tipo OS&Y de 203 mm (8"") barrenado a bridas, con vástago ascendente, clase 125, figura W726F",pieza,"$19,493.90"
"Válvula de compuerta de hierro fundido tipo OS&Y de 254 mm (10"") barrenado a bridas, con vástago ascendente, clase 125, figura W726F",pieza,"$30,958.40"
"Válvula de compuerta de hierro fundido tipo OS&Y de 51 mm (2"") barrenado a bridas, con vástago ascendente, clase 125, figura W726F",pieza,"$3,392.56"
"Válvula de compuerta de hierro fundido tipo OS&Y de 64 mm (2 1/2"") barrenado a bridas, con vástago ascendente, clase 125, figura W726F",pieza,"$4,307.16"
"Válvula de compuerta de hierro fundido tipo OS&Y de 76 mm (3"") barrenado a bridas, con vástago ascendente, clase 125, figura W726F",pieza,"$4,987.80"
"Válvula de retención de hierro fundido de 102 mm (4"") barrenado a bridas, Clase 125, figura W928F",pieza,"$6,221.46"
"Válvula de retención de hierro fundido de 152 mm (6"") barrenado a bridas, Clase 125, figura W928F",pieza,"$9,890.52"
"Válvula de retención de hierro fundido de 203 mm (8"") barrenado a bridas, Clase 125, figura W928F",pieza,"$16,665.00"
"Válvula de retención de hierro fundido de 254 mm (10"") barrenado a bridas, Clase 125, figura W928F",pieza,"$27,268.07"
"Válvula de retención de hierro fundido de 51 mm (2"") barrenado a bridas, Clase 125, figura W928F",pieza,"$2,541.76"
"Válvula de retención de hierro fundido de 64 mm (2 1/2"") barrenado a bridas, Clase 125, figura W928F",pieza,"$3,318.11"
"Válvula de retención de hierro fundido de 76 mm (3"") barrenado a bridas, Clase 125, figura W928F",pieza,"$4,009.38"
"Varilla corrugada grado 60 de 5/16"", clave 2425",kg,$16.98
"Varilla de acero corrugada, grado 42 del N° 3 (3/8"") clave 30764",t,"$16,790.92"
"Varilla de acero corrugada, grado 42 del N° 4 (1/2"") clave 30767",t,"$16,790.92"
"Varilla de acero corrugada, grado 42 del N° 5 (5/8"") clave 30770",kg,$16.79
"Varilla de acero corrugada, grado 42 del N° 8 (1"") clave 30776",kg,$16.79
"Ventana corrediza de 0.60x0.60 m, perfil 1 1/2"", cristal claro de 3mm de espesor, modelo aLumi pro, color blanco",pieza,$315.85
"Ventana corrediza de 0.60x0.60 m, perfil 1 1/2"", cristal satinado de 3mm de espesor, modelo aLumi pro, color blanco",pieza,$357.04
"Ventana corrediza de 0.90x0.60 m, perfil 1 1/2"", cristal claro de 3mm de espesor, modelo aLumi pro, color blanco",pieza,$368.70
"Ventana corrediza de 0.90x0.60 m, perfil 1 1/2"", cristal satinado de 3mm de espesor, modelo aLumi pro, color blanco",pieza,$433.44
"Ventana corrediza de 0.90x1.20 m, perfil 1 1/2"", cristal claro de 3mm de espesor, modelo aLumi pro, color blanco",pieza,$556.17
"Ventana corrediza de 0.90x1.20 m, perfil 1 1/2"", cristal satinado de 3mm de espesor, modelo aLumi pro, color blanco",pieza,$703.25
"Ventana corrediza de 1.00x1.00 m, perfil 1 1/2"", cristal claro de 3mm de espesor, modelo aLumi pro, color blanco",pieza,$528.80
"Ventana corrediza de 1.20x1.20 m, perfil 1 1/2"", cristal claro de 3mm de espesor, modelo aLumi pro, color blanco",pieza,$659.25
"Ventana corrediza de 1.50x1.20 m, perfil 1 1/2"", cristal claro de 3mm de espesor, modelo aLumi pro, color blanco",pieza,$743.44
"Ventana corrediza de 1.80x1.20 m, perfil 1 1/2"", cristal claro de 3mm de espesor, modelo aLumi pro, color blanco",pieza,$831.83
"Yeso de construcción, tipo Imperial, color blanco, saco de 40 kg",t,"$1,350.00"
